{
  "experiment_id": "e1_noisy_corpus",
  "timestamp": "2026-03-22T15:46:20",
  "num_questions": 300,
  "EM": 0.17,
  "F1": 0.201015873015873,
  "retrieval_hit_rate": 0.85,
  "latency_p50_sec": 0.9380450248718262,
  "latency_p95_sec": 1.6304404735565186,
  "config_path": "configs/e1_noisy_corpus.yaml",
  "seed": 42
}